<?xml version="1.0" encoding="UTF-8"?>
<!DOCTYPE mapper PUBLIC "-//mybatis.org//DTD Mapper 3.0//EN" "http://mybatis.org/dtd/mybatis-3-mapper.dtd">
<mapper namespace="MainDAO">

	<select id="selectIdChk" parameterType="java.util.HashMap" resultType="int">
		SELECT count(1)
		FROM tb_member
		WHERE member_id = #{accountId}
	</select>
	
	<insert id="insertMember" parameterType="java.util.HashMap">
	INSERT INTO tb_member
	(
		member_id,
		member_pw,
		member_name,
		member_birth,
		member_email,
		create_id,
		update_id)
	VALUES (
		#{accountId},
		#{accountPwd},
		#{accountName},
		#{accountBirth},
		#{accountEmail},
		#{accountId},
		#{accountId}
	)
	</insert>
	
	<select id="selectLoginInfo" parameterType="java.util.HashMap" resultType="java.util.HashMap">
		SELECT  member_idx AS memberIdx,
				member_id AS id,
				member_name AS name,
				member_birth AS birth,
				member_email AS email,
				left(member_email, locate('@', member_email)-1) AS emailId,
				substring(member_email, locate('@', member_email)+1) AS emailAddr,
				member_use_yn AS useYn
		FROM tb_member
		WHERE member_id = #{id}
		AND member_pw = #{pwd}
		AND member_use_yn = 'Y'
	</select>
	
	<update id="updateMember" parameterType="java.util.HashMap">
		UPDATE tb_member
		<set>
			member_name = #{accountName},
			member_birth = #{accountBirth},
			member_email = #{accountEmail},
			update_id = #{accountId},
			update_date = CURRENT_TIMESTAMP()
			<if test="accountPwd != null and accountPwd != '' and accountPwd != 'undefined'">
				,member_pw = #{accountPwd}
			</if>
		</set>
		where member_idx = #{memberIdx}
		
	</update>
	
	<select id="selectMemberInfo" parameterType="java.util.HashMap" resultType="java.util.HashMap">
		SELECT  member_idx AS memberIdx,
				member_id AS id,
				member_name AS name,
				member_birth AS birth,
				member_email AS email,
				left(member_email, locate('@', member_email)-1) AS emailId,
				substring(member_email, locate('@', member_email)+1) AS emailAddr,
				member_use_yn AS useYn
		FROM tb_member
		WHERE member_idx = #{memberIdx}
	</select>
	
	<update id="deleteMemberInfo" parameterType="int">
		UPDATE tb_member
		SET member_use_yn = 'N'
		WHERE member_idx = #{memberIdx}
	</update>
	
	<select id="selectFindId" parameterType="java.util.HashMap" resultType="String">
		SELECT member_id
		FROM tb_member
		WHERE member_name = #{memberName}
		AND member_email = #{memberEmail}
		AND member_use_yn = 'Y'
	</select>
	
	<select id="selectMemberCertification" parameterType="java.util.HashMap" resultType="int">
		SELECT member_idx
		FROM tb_member
		WHERE member_id = #{memberId}
		AND member_name = #{memberName}
		AND member_email = #{memberEmail}
	</select>
	
	<select id="selectMemberCertificationChk" parameterType="java.util.HashMap" resultType="int">
		SELECT count(member_idx)
		FROM tb_member
		WHERE member_id = #{memberId}
		AND member_name = #{memberName}
		AND member_email = #{memberEmail}
	</select>
	
	<update id="updatePwd" parameterType="java.util.HashMap">
		UPDATE tb_member
		SET member_pw = #{memberPw}
		WHERE member_idx = #{memberIdx}
	</update>
</mapper>